metrica,valor
loss,0.623356819152832
binary_accuracy,0.688524603843689
precision,0.688524603843689
recall,0.688524603843689
