metrica,valor
loss,0.03385640308260918
binary_accuracy,0.9810126423835754
precision,0.9750000238418579
recall,0.9873417615890503
