metrica,valor
loss,0.03853652998805046
binary_accuracy,0.9863387942314148
precision,0.9915966391563416
recall,0.9672130942344666
