metrica,valor
loss,0.039246659725904465
binary_accuracy,0.9879226684570312
precision,0.9925925731658936
recall,0.9710144996643066
