metrica,valor
loss,0.7226136922836304
binary_accuracy,0.6363636255264282
precision,0.6153846383094788
recall,0.7272727489471436
