metrica,valor
loss,0.07457105815410614
binary_accuracy,0.9683544039726257
precision,0.9512194991111755
recall,0.9873417615890503
